wiki_data_id,title,main_subject,follows,genre,performer,country_of_origin,original_language_of_film_or_TV_show,publication_date,director,screenwriter,cast_member,director_of_photography,film_editor,production_designer,costume_designer,composer,producer,production_company,distributed_by,narrative_location,filming_location,duration,award_received,nominated_for,box_office,cost,collection,imdb_id,metascore,imdbrating,imdbvotes
Q1120277,Alice in Wonderland,?,?,"film based on a novel,fantasy film",?,United States of America,?,1933-01-01T00:00:00Z,Norman Z. McLeod,"Joseph L. Mankiewicz,William Cameron Menzies","Leon Errol,William Austin,Alison Skipworth,Roscoe Ates,Cary Grant,May Robson,Baby LeRoy,Polly Moran,Edward Everett Horton,Richard ""Skeets"" Gallagher,Sterling Holloway,Ned Sparks,Richard Arlen,Jack Oakie,Roscoe Karns,Mae Marsh,W. C. Fields,Raymond Hatton,Ford Sterling,Edna May Oliver,Charles Ruggles,Gary Cooper,Louise Fazenda,Alec B. Francis,Charlotte Henry","Henry Sharp,Bert Glennon",Ellsworth Hoagland,William Cameron Menzies,?,Dimitri Tiomkin,Benjamin Glazer,Paramount Pictures,"FandangoNow,Paramount Pictures",?,?,?,?,?,?,?,?,?,54,6.4,"1,953"
Q1129506,Tangled,?,?,"thriller film,drama",?,United States of America,?,2001-01-01T00:00:00Z,?,Jeffrey Lieber,"Shawn Hatosy,Rachael Leigh Cook,Estella,Jonathan Rhys Meyers,Lorraine Bracco",Bobby Bukowski,Emma E. Hickox,?,?,Reinhold Heil,Rachael Leigh Cook,?,Netflix,?,Toronto,86,?,?,?,?,?,?,N/A,5.6,"2,348"
Q127421,King Kong Lives,?,King Kong,"action film,drama,fantasy film,horror film",?,United States of America,?,"1986-12-19T00:00:00Z,1987-05-08T00:00:00Z",John Guillermin,"Steven Pressfield,Ronald Shusett","Michael Forest,Nat Christian,Jimmie Ray Weeks,Leon Rippy,Mike Starr,Jessica Lange,Jeff Bridges,Brian Kerwin,John Ashton,Linda Hamilton,Peter Michael Goetz,Peter Elliott",Alec Mills,Malcolm Cooke,?,?,John Scott,"Ronald Shusett,Dino De Laurentiis",De Laurentiis Entertainment Group,"Netflix,De Laurentiis Entertainment Group",Georgia,North Carolina,98,?,Golden Raspberry Award for Worst Visual Effects,?,?,?,?,32,3.9,"5,582"
Q14171368,Avengers: Age of Ultron,artificial intelligence,?,"adventure film,action film,superhero film,science fiction film",Brian Tyler,United States of America,?,"2015-04-22T00:00:00Z,2015-04-23T00:00:00Z,2015-05-07T00:00:00Z,2015-04-30T00:00:00Z,2015-05-01T00:00:00Z",Joss Whedon,"Jack Kirby,Stan Lee,Joss Whedon","Scarlett Johansson,Anthony Mackie,Josh Brolin,Julia Krynke,Stellan Skarsgård,Earl T. Kim,Isabella Poynton,Antony Acheampong,Kabelo Thai,Constanza Ruff,Riccardo Richetta,Arthur Lee,Harriet Manamela,Bentley Kalu,Chris Hemsworth,Denis Khoroshko,Minhee Yeo,James Spader,Andy Serkis,Musca Kumalo,Henry Goodman,Verity Hewlitt,Monty Mclaren-Clark,Alma Noce,Aaron Taylor-Johnson,Namju Go,Jeremy Renner,Cobie Smulders,Tony Christian,Don Cheadle,Barry Aird,Ben Sakamoto,Dominique Provost-Chalkley,Vuyo Dabula,Hayley Atwell,Paul Bettany,Imogen Poynton,Aaron Himelstein,Julian Bleach,Isaac Andrews,Mina Kweon,Stan Lee,Idris Elba,Claudia Kim,Julie Delpy,Linda Cardellini,Thomas Kretschmann,Lex Lang,Mathapelo September,Christopher Beasley,Nondumiso Tembe,Beulah Hashe,Ian Kay,Elizabeth Olsen,Gareth Kieran Jones,Michael Matovski,Chioma Anyanwu,Jaiden Stafford,Ingvild Deila,Mandla Gaduka,Hlologelo Ledwaba,Chris Luca,Brian Schaeffer,Sunny Yeo,Chan Woo Lim,Samuel L. Jackson,Robert Downey Jr.,Chris Evans,Mark Ruffalo",Ben Davis,"Lisa Lassek,Jeffrey Ford",Charles Wood,Alexandra Byrne,"Brian Tyler,Danny Elfman",Kevin Feige,Marvel Studios,"FandangoNow,Fórum Hungary,Disney+,Walt Disney Studios Motion Pictures","Norway,New York City,London","London,Digital Media City,Johannesburg,Sainsbury Centre for Visual Arts,Fort Bard,South Africa,Chattogram,Bourne Wood,Seoul,Hendon Police College,Shepperton Studios,Mapo Bridge,Royal Holloway, University of London,Dover Castle,Hawley",141,"Annie Award for Outstanding Achievement, Animated Effects in a Live Action Production,Teen Choice Award for Choice Movie Scene Stealer,Saturn Award for Best Costume","Teen Choice Award for Choice Movie Actor - Sci-Fi/Fantasy,MTV Movie Award for Best Villain,Teen Choice Award for Choice Movie Actor - Sci-Fi/Fantasy,Teen Choice Award for Choice Movie - Sci-Fi/Fantasy,MTV Movie Award for Best Hero,MTV Movie Award for Best Virtual Performance,Saturn Award for Best Supporting Actor,Teen Choice Award for Choice Movie Actress - Sci-Fi/Fantasy,MTV Movie Award for Best Movie,MTV Movie Award for Ensemble Cast,Annie Award for Outstanding Achievement for Character Animation in a Live Action Production,Saturn Award for Best Special Effects,Annie Award for Outstanding Achievement for Character Animation in a Live Action Production,Teen Choice Award for Choice Movie Breakout Star,Saturn Award for Best Comic-to-Film Motion Picture,MTV Movie Award for Best Fight","12076641.76,459005868,1402805868",250000000,?,?,66,7.3,"769,535"
Q14650496,Fast and Furious 7 (Furious 7),"motor car,terrorism",?,"comedy film,action film,thriller film,heist film,drama",?,United States of America,?,"2015-03-26T00:00:00Z,2015-04-02T00:00:00Z,2015-04-01T00:00:00Z",James,Chris Morgan,"Brittney Alger,Iggy Azalea,Djimon Hounsou,Sung Kang,Nathalie Kelley,Bow Wow,Michelle Rodrigue,Jordana Brewster,T-Pain,Steve Coulter,Alina Andrei,Robert Pralgo,John Brotherton,Elsa Pataky,Cody Walker,Luke Evans,Lucas Black,Tara Macken,Ludacris,Kurt Russell,John Cenatiempo,Noel Gugliemi,Jorge Pallo,Gal Gadot,Ali Fazal,Jocelin Donahue,Lateef Crowder Dos Santos,Nathalie Emmanuel,Vin Diesel,Tyrese Gibson,Ronda Rousey,Tony Jaa,Paul Walker,Jason Statham,Dwayne Johnson",Stephen F. Windon,Christian Wagner,?,?,Brian Tyler,"Neal H. Moritz,Vin Diesel",Universal Pictures,"Netflix,FandangoNow,UIP-Dunafilm","Abu Dhabi,Tokyo,London,Los Angeles","Los Angeles,Abu Dhabi,Colorado,Leo Carrillo State Park,Atlanta",137,?,?,"1515047671,353007020",190000000,?,?,67,7.1,"366,588"
Q14772351,Batman v Superman: Dawn of Justice,"alien invasion,terrorism",?,"science fiction film,fictional crossover,action film,superhero film",Hans Zimmer,United States of America,?,"2016-03-25T00:00:00Z,2016-03-23T00:00:00Z,2016-03-24T00:00:00Z,2016-03-24T00:00:00Z",Zack Snyder,"David S. Goyer,Chris Terrio","Jena Malone,Carla Gugino,Bailey Chase,Joe Morton,Robin Atkin Downes,Michael Shannon,Henry Cavill,Jon Stewart,Lauren Cohan,Kevin Costner,Jason Momoa,Holly Hunter,Michael Cassidy,Dan Amboyer,Amy Adams,Gal Gadot,Laurence Fishburne,Scoot McNairy,Jeffrey Dean Morgan,Patrick Wilson de Chiappo,Nicole Forester,Ezra Miller,Sammi Rotibi,Ray Fisher,Harry Lennix,Callan Mulvey,Nancy Grace,Chris Pine,Emily Peterson,Ciarán Hinds,Neil deGrasse Tyson,Jesse Eisenberg,Saïd Taghmaoui,Jeremy Irons,Diane Lane,Tao Okamoto,Chad Krowchuk,Ben Affleck",Larry Fong,David Brenner,Patrick Tatopoulos,Michael Wilkinson,"Junkie XL,Hans Zimmer","Charles Roven,Deborah Snyder","The Stone Quarry,DC Entertainment,RatPac-Dune Entertainment","FandangoNow,InterCom,Warner Bros.,Netflix","Gotham City,Metropolis","Detroit,Washington, D.C.,Toronto,Motown Motion Picture Studios,Deming,New Mexico,East Los Angeles College,Aragon Ballroom,Los Angeles,Birmingham",185,"Golden Raspberry Award for Worst Prequel, Remake, Rip-off or Sequel,Golden Raspberry Award for Worst Screen Couple/Ensemble,Golden Raspberry Award for Worst Supporting Actor,Golden Raspberry Award for Worst Screenplay",?,873634919,250000000,?,?,44,6.4,"652,634"
Q152350,Броненосец «Потёмкин»,?,?,"silent film,propaganda film",?,Soviet Union,?,1925-12-21T00:00:00Z,Sergei Eisenstein,"Nikolai Aseev,Nina Agadzhanova-Shutko,Sergei Tretyakov,Sergei Eisenstein","Aleksanteri Ahola-Valo,Vladimir Barsky,Andrei Fajt,Beatrice Vitoldi,Sergei Eisenstein,Grigori Aleksandrov,Aleksandr Stepanovich Antonov,Aleksandr Pavlovich Antonov","Vladimir Popov,Eduard Tisse","Grigori Aleksandrov,Sergei Eisenstein",?,?,Nikolai Nikolayevich Kryukov,Yakov Bliokh,"Mosfilm,State Committee for Cinematography","State Committee for Cinematography,FandangoNow,Netflix",Ukraine,?,74,?,?,?,?,Museum of Modern Art,?,97,8.0,"54,136"
Q161087,Pirates of the Caribbean: Dead Man's Chest,sea piracy,?,"fantasy film,action film,treasure hunt film,comedy film,swashbuckler film,pirate film,adventure film",?,United States of America,?,"2006-07-27T00:00:00Z,2006-08-02T00:00:00Z,2006-07-07T00:00:00Z",Gore Verbinski,"Ted Elliott,Terry Rossio","Jack Davenport,David Bailie,Vanessa Branch,Kevin McNally,Luke de Woolfson,Derrick O'Connor,Christopher Adamson,Alex Norton,Peter Donald Badalamenti II,Reggie Lee,Jonathan Pryce,Naomie Harris,Sammi Hanratty,Ron Bottitta,Karly Rothenberg,Marco Khan,Jonathan Kite,Robbie Gee,Geoffrey Rush,Lee Arenberg,Omar Gooding,Stellan Skarsgård,Orlando Bloom,Bill Nighy,Keira Knightley,Johnny Depp,Martin Klebba,David Schofield,Tom Hollander,Mackenzie Crook",Dariusz Wolski,"Craig Wood,Stephen E. Rivkin",Rick Heinrichs,Penny Rose,Hans Zimmer,Jerry Bruckheimer,"Jerry Bruckheimer,Walt Disney Pictures,Jerry Bruckheimer Films","Disney+,Netflix,FandangoNow,Fórum Hungary",Haiti,"The Bahamas,Saint Vincent,Walt Disney Studios,Morne Trois Pitons National Park,Palos Verdes Peninsula,Dominica,Universal Pictures,Grand Bahama",145,"Academy Award for Best Visual Effects,TV Krant Filmposter Award","Academy Award for Best Visual Effects,Academy Award for Best Sound,Academy Award for Best Sound Editing,Academy Award for Best Production Design",1066179725,225000000,?,?,53,7.3,"664,780"
Q161687,Harry Potter and the Half-Blood Prince,?,?,"film based on a novel,fantasy film",?,"United Kingdom,United States of America",?,"2009-07-15T00:00:00Z,2009-07-16T00:00:00Z,2009-07-06T00:00:00Z,2009-07-23T00:00:00Z,2009-07-15T00:00:00Z",David Yates,Steve Kloves,"Elarica Gallacher,Geraldine Somerville,Oliver Phelps,Suzie Toase,Anna Shaffer,Katie Leung,Jason Isaacs,William Melling,Shefali Chowdhury,Afshan Azad,Ralph Ineson,Scarlett Byrne,Frank Dillane,Imelda Staunton,Elliot Francis,James Phelps,Emma Watson,Tom Felton,Joshua Herdman,David Bradley,Daniel Radcliffe,Gemma Jones,Alfred Enoch,Rupert Grint,Jamie Waylett,David Thewlis,Maggie Smith,Helena Bonham Carter,Warwick Davis,el jiruu,Jim Broadbent,Natalia Tena,Timothy Spall,Devon Murray,Mark Williams,Jessie Cave,Julie Walters,Freddie Stroma,Bonnie Wright,Alan Rickman,Michael Gambon,Helen McCrory,Evanna Lynch,Robbie Coltrane,Matthew Lewis,Dave Legeno,Georgina Leonidas,Rob Knox",Bruno Delbonnel,Mark Day,Stuart Craig,Jany Temime,Nicholas Hooper,"David Barron,David Heyman","Heyday Films,Warner Bros.","InterCom,Netflix,FandangoNow,Warner Bros.","England,London,Scotland","London,Hertfordshire,Gloucester Cathedral",147,MTV Movie Award for Best Villain,Academy Award for Best Cinematography,933959197,250000000,?,?,78,7.6,"486,826"
Q171711,Star Trek Into Darkness,terrorism,?,"science fiction film,adventure film,action film,science fiction action film",Michael Giacchino,United States of America,?,"2013-05-09T00:00:00Z,2013-05-16T00:00:00Z,2013-05-10T00:00:00Z",J. J. Abrams,"Damon Lindelof,Roberto Orci,Alex Kurtzman","Jennifer Morrison,Kevin Michael Richardson,Akiva Goldsman,Scott Lawrence,Chris Hemsworth,Nolan North,Joseph Gatt,Amanda Foreman,Aisha Hinds,Nick E. Tarabay,Bill Hader,Leonard Nimoy,Nazneen Contractor,Karl Urban,Heather Langenkamp,Zoe Saldana,Alice Eve,Benedict Cumberbatch,Zachary Quinto,Noel Clarke,Anton Yelchin,Bruce Greenwood,John Cho,Chris Pine,Peter Weller,Simon Pegg",Daniel Mindel,Maryann Brandon,Scott Chambliss,Michael Kaplan,Michael Giacchino,"Roberto Orci,Bryan Burk,Alex Kurtzman,J. J. Abrams,Damon Lindelof","Bad Robot Productions,Paramount Pictures,Skydance Media","UIP-Dunafilm,Paramount Pictures,Netflix,FandangoNow","San Francisco,USS Vengeance,London,Starfleet Headquarters,Qo'noS","Lawrence Livermore National Laboratory,Greystone Park,Crystal Cathedral,Vasquez Rocks,J. Paul Getty Museum,Getty Center,Reynisfjall,Los Angeles,Sony Stage 15,Spruce Goose Hangar,Iceland,Grand Avenue,National Ignition Facility",132,?,Academy Award for Best Visual Effects,467381584,190000000,?,?,72,7.7,"466,553"
Q181540,Quantum of Solace,"revenge,eco-terrorism,terrorism",?,"spy film,adventure film,action film",?,"United Kingdom,United States of America",?,"2008-11-06T00:00:00Z,2008-10-29T00:00:00Z,2008-10-31T00:00:00Z",Marc Forster,"Neal Purvis and Robert Wade,Paul Haggis","Uygar Tamer,Anatole Taubman,Fernando Guillén Cuervo,Michael G. Wilson,Rory Kinnear,Rachel McDowall,David Harbour,Paul Ritter,Neil Jackson,Guillermo del Toro,Kamil Krejčí,Stana Katic,Alfonso Cuarón,Joaquín Cosío Osuna,Mark Wakeling,Lucrezia Lante Della Rovere,Oona Castilla Chaplin,Tim Pigott-Smith,Jesper Christensen,Mathieu Amalric,Gemma Arterton,Daniel Craig,Olga Kurylenko,Giancarlo Giannini,Jeffrey Wright,Judi Dench",Roberto Schaefer,Matt Chesse,Dennis Gassner,"Louise Frogley,Tom Ford",David Arnold,"Michael G. Wilson,Barbara Broccoli","Columbia Pictures,United Artists Corporation,Sony Pictures,Eon Productions,Metro-Goldwyn-Mayer","Columbia Pictures,Netflix,FandangoNow","London,Port-au-Prince,Siena,Kazan,La Paz,Italy,Bregenz,Talamone","Madrid,Austria,Mexico,Panama,Chile,Basilicata,Pinewood Studios",106,?,?,586090727,200000000,Museum of Modern Art,?,58,6.6,"409,868"
Q182212,Spider-Man 3,revenge,?,"science fiction film,drama,thriller film,action film,superhero film",?,United States of America,?,"2007-05-04T00:00:00Z,2007-05-04T00:00:00Z,2007-05-01T00:00:00Z",Sam Raimi,"Alvin Sargent,Ivan Raimi,Sam Raimi","Elisha Cuthbert,Lucy Gordon,Perla Haney-Jardine,Michael Papajohn,Lucy Liu,Stan Lee,Joe Manganiello,Willem Dafoe,James Cromwell,J. K. Simmons,Kirsten Dunst,Tobey Maguire,Bill Nunn,Theresa Russell,James Franco,Elizabeth Banks,Bruce Campbell,Elya Baskin,Rosemary Harris,Topher Grace,Cliff Robertson,Mageina Tovah,Thomas Haden Church,Ted Raimi,Bryce Dallas Howard,Dylan Baker",Bill Pope,Bob Murawski,?,James Acheson,Christopher Young,"Avi Arad,Grant Curtis,Laura Ziskin","Marvel Entertainment,Columbia Pictures","InterCom,Sony Pictures,Netflix,FandangoNow",New York City,"New Jersey,Los Angeles,28 Liberty Street","139,137",?,?,890871626,?,?,?,59,6.2,"510,395"
Q182218,The Avengers,alien invasion,?,"science fiction film,action film,superhero film,fictional crossover,speculative fiction film,adventure film",?,United States of America,?,"2011-07-15T00:00:00Z,2012-04-27T00:00:00Z,2012-04-26T00:00:00Z,2012-05-04T00:00:00Z,2012-04-25T00:00:00Z",Joss Whedon,"Zak Penn,Joss Whedon","Mark Ruffalo,Jeff Wolfe,Scarlett Johansson,Donald Li,Jeremy Renner,Yumiko Komatsu,Walter Perez,Damion Poitier,Jillian Morgese,Tina Benko,Clark Gregg,Enver Gjokaj,Arthur Darbinyan,Pat Kiernan,Rashmi Rustagi,Tom Hiddleston,Robert Downey Jr.,Maximiliano Hernández,Ashley Johnson,Samuel L. Jackson,Robert Clohessy,Dieter Riesle,Brent McGee,Kelley Robins,Alicia Sixtos,Jenny Agutter,Momoko Komatsu,Kenneth Tigar,Gwyneth Paltrow,Jamie McShane,Kirill Nikiforov,Romy Rosemont,Katsumi Komatsu,Alexis Denisof,Andrea Vecchio,Cobie Smulders,Warren Kole,Robin Swoboda,Chris Hemsworth,Chris Evans,James Eckhouse,Josh Cowdery,Stan Lee,Harry Dean Stanton,Fernanda Toker,Thomas Roberts,M'laah Kaur Singh,Michael Zhang,Jesse Garcia,Powers Boothe,William Christopher Stephens,Jerzy Skolimowski,Stellan Skarsgård,Don Cheadle",Seamus McGarvey,Jeffrey Ford,?,Alexandra Byrne,Alan Silvestri,Kevin Feige,"Marvel Studios,Paramount Pictures","Paramount Pictures,Fórum Hungary,FandangoNow,Netflix,Disney+","New York City,Kolkata","New Mexico,Long Island,New York City,Pittsburgh,Los Angeles",142,MTV Movie Award for Best Villain,Academy Award for Best Visual Effects,"623357910,1518812988",220000000,?,?,69,8.0,"1,286,023"
Q18407657,Captain America: Civil War,terrorism,?,"science fiction film,superhero film,action film,adventure film",?,United States of America,?,"2016-04-28T00:00:00Z,2016-04-28T00:00:00Z,2016-05-05T00:00:00Z,2016-04-29T00:00:00Z,2016-04-27T00:00:00Z,2016-05-06T00:00:00Z","Anthony Russo,Joe Russo","Stephen McFeely,Christopher Markus","Jessica Walther-Gabory,Evan French,Julian Grimes,Don Cheadle,Darryl Sampson,Rafael Banasik,Brian Schaeffer,Michael A. Cook,Eli Ollinger,Be Satrazemis,Aaron Hayes,Paul Rudd,Daniel Brühl,Ashwin Mudaliar,Shen Dynes,Joe Russo,John Curran,William Hurt,Tom Holland,Matthew Anderson,Elizabeth Olsen,Heidi Moneymaker,Umar Khan,Julianna Guill,Parker Pape,Florence Kasumba,Alfre Woodard,Laughton Parchment,David Brown,Chadwick Boseman,Jonah Ruffin,Nathaniel Ellis,Ralphael Grand'Pierre,Damion Poitier,Beniamino Brogi,Andrew Botchwey,Jackson Spidell,Myles Joseph,Chase Bradfield,Jim Rash,Stephen Lewis,Guy Fernandez,Katie Amess,Frank Grillo,Gene Farber,Stanley Sellers,Michael Anthony Rogers,Gwyneth Paltrow,Austin Hooper,Cornell John,Kevin LaRosa Jr.,Brent McGee,Cale Schultz,Cameron Sardone,Austin Sanders,Jeremy Renner,John Slattery,Dmahrei McRae,Surely Alvelo,Amelia Morck,A. Jones,Blair Jasin,Yi Long,Ernest Charles,Sophia Russo,Brett Gentile,Henry Amadi,Oli Bigalke,Josh Peck,Hendricks Coates,Jariah Ferguson,Caden Wilkinson,David de Vries,Ugochukwu Ani,Jacob Ludwick,Kim Scar,Aaron Toney,Daniel Parada,Al Cerullo,Miles Selles,Ethan Conde,Jacob Sung,Silvina Buchbauer,Frédéric North,Justin Freeman,Chris Evans,Stan Lee,Robert Downey Jr.,Martin Freeman,Sebastian Stan,Marisa Tomei,Sven Hönig,John Kani,Scarlett Johansson,Emily VanCamp,Hope Davis,Anthony Mackie,Paul Bettany",Trent Opaloch,"Jeffrey Ford,Matthew Schmidt",Owen Paterson,Judianna Makovsky,Henry Jackman,Kevin Feige,Marvel Studios,"FandangoNow,Disney+,Netflix,Walt Disney Studios Motion Pictures","Wakanda,Bucharest,Queens,Lagos,London,Siberia,Cleveland,Leipzig/Halle Airport,Vienna,Berlin","Puerto Rico,Iceland,Germany,Pinewood Atlanta Studios,Atlanta",147,"Teen Choice Award for Choice Movie - Sci-Fi/Fantasy,Teen Choice Award for Choice Movie Actor - Sci-Fi/Fantasy","Teen Choice Award for Choice Movie Scene Stealer,Teen Choice Award for Choice Movie: Liplock,Teen Choice Award for Choice Movie Actress - Sci-Fi/Fantasy,Teen Choice Award for Choice Movie Actor - Sci-Fi/Fantasy,Teen Choice Award for Best Villain,Teen Choice Award for Choice Movie Scene Stealer,Teen Choice Award for Choice Movie: Chemistry,Teen Choice Award for Choice Movie: Chemistry","9661886.93,1153296293,408084349",250000000,?,?,75,7.8,"689,108"
Q189330,The Dark Knight Rises,"revenge,terrorism",?,"thriller film,crime thriller,drama,action film,superhero film",Hans Zimmer,"United Kingdom,United States of America",?,"2012-07-20T00:00:00Z,2012-07-25T00:00:00Z,2012-07-26T00:00:00Z,2012-07-25T00:00:00Z",Christopher Nolan,"David S. Goyer,Bob Kane,Jonathan Nolan,Christopher Nolan","Joey King,Brett Cullen,Aidan Gillen,Linus Roache,Glen Powell,Vincent van Ommen,Uri Gavriel,James Harvey Ward,Aaron Eckhart,Wade Williams,Ronnie Gene Blevins,Jay Benedict,Michael Papajohn,Reggie Lee,Thomas Tull,Chris Ellis,Fredric Lehne,Thomas Lennon,Jillian Armenante,David Gyasi,Brent Briscoe,Rob Brown,John Nolan,Desmond Harrington,Robert Wisdom,Ian Bohen,Joseph Gordon-Levitt,Daniel Sunjata,Marion Cotillard,Christian Bale,Matthew Modine,Tom Conti,Alon Abutbul,William Devane,Juno Temple,Tomas Arana,Tom Hardy,Cillian Murphy,Ben Mendelsohn,Josh Stewart,Nestor Carbonell,Morgan Freeman,Burn Gorman,Michael Caine,Christopher Judge,Gary Oldman,Liam Neeson,Anne Hathaway,Josh Pence",Wally Pfister,Lee Smith,Nathan Crowley,Lindy Hemming,Hans Zimmer,"Charles Roven,Emma Thomas,Christopher Nolan","DC Comics,Legendary Pictures,Syncopy Inc.","FandangoNow,Netflix,InterCom",Asia,"Los Angeles,Florence,Pittsburgh,New York City,London,New Jersey",164,?,?,1081041287,250000000,Museum of Modern Art,?,78,8.4,"1,547,956"
Q190145,Spider-Man 2,?,?,"action film,drama,science fiction film,superhero film,thriller film",?,United States of America,?,"2004-06-30T00:00:00Z,2004-07-07T00:00:00Z,2004-07-14T00:00:00Z,2004-07-08T00:00:00Z",Sam Raimi,Alvin Sargent,"Daniel Dae Kim,Aasif Mandvi,Lucy Liu,Reed Diamond,Joel McHale,Willem Dafoe,Hal Sparks,Rosemary Harris,Daniel Gillies,Kirsten Dunst,Elya Baskin,John Landis,James Franco,Alfred Molina,Bruce Campbell,Elizabeth Banks,Dylan Baker,Stan Lee,Cliff Robertson,Donna Murphy,J. K. Simmons,Christine Estabrook,Vanessa Ferlito,Ted Raimi,Emily Deschanel,Mageina Tovah,Tobey Maguire,Bill Nunn",Bill Pope,Bob Murawski,?,James Acheson,Danny Elfman,"Laura Ziskin,Avi Arad",Columbia Pictures,"Netflix,FandangoNow,Sony Pictures,InterCom",New York City,"Chicago,Los Angeles,New York City",122,Academy Award for Best Visual Effects,"Academy Award for Best Sound Editing,Academy Award for Best Sound,Academy Award for Best Visual Effects",783766341,?,Museum of Modern Art,?,83,7.3,"553,906"
Q191100,Transformers: Revenge of the Fallen,?,Transformers,"action film,science fiction film",?,United States of America,?,"2009-06-24T00:00:00Z,2009-06-24T00:00:00Z,2009-06-23T00:00:00Z,2009-06-19T00:00:00Z,2009-06-24T00:00:00Z",Michael Bay,"Alex Kurtzman,Ehren Kruger,Roberto Orci","John Benjamin Hickey,Deep Roy,Kevin Michael Richardson,Aaron Hill,Cas Anvar,Michael York,Keith Stallworth,James Harvey Ward,Hugo Weaving,America Olivo,Mark Ryan,Tony Todd,Glenn Morshower,Aaron Lustig,Michael Papajohn,Peter Cullen,Ramón Rodríguez,Matthew Marsden,Megan Fox,Rainn Wilson,Josh Duhamel,Tyrese Gibson,Julie White,Shia LaBeouf,Isabel Lucas,Kevin Dunn,John Turturro",Ben Seresin,Roger Barton,Nigel Phelps,Deborah Lynn Scott,Steve Jablonsky,"Ian Bryce,Tom DeSanto,Lorenzo di Bonaventura,Don Murphy","di Bonaventura Pictures,Hasbro,DreamWorks","UIP-Dunafilm,Netflix,FandangoNow","Los Angeles,New York City,Washington, D.C.,Paris","Egypt,Arizona,Philadelphia,New Mexico,Los Angeles,Paris,New Jersey,California,San Diego,Shanghai,New York City",150,Golden Raspberry Award for Worst Picture,Academy Award for Best Sound,836303693,?,?,?,35,6.0,"387,822"
Q191543,Terminator Salvation,"cybernetic revolt,android",?,"dystopian film,science fiction film,action film",Danny Elfman,United States of America,?,"2009-06-03T00:00:00Z,2009-06-04T00:00:00Z,2009-05-21T00:00:00Z",McG,"Paul Haggis,Michael Ferris,Jonathan Nolan,John D. Brancato","Terry Crews,Jadagrace,Michael Papajohn,Greg Plitt,Isaac Kappy,Greg Serano,Linda Hamilton,Ivan G'Vera,Chris Browning,Treva Etienne,Po Chan,Jane Alexander,Roland Kickinger,Sam Worthington,Michael Ironside,Bryce Dallas Howard,Moon Bloodgood,Christian Bale,Anton Yelchin,Common,Helena Bonham Carter,Brian Steele",Shane Hurlbut,Conrad Buff IV,?,Mike Wilkinson,Danny Elfman,Moritz Borman,"Wonderland Sound and Vision,The Halcyon Company","Netflix,FandangoNow,InterCom","San Francisco,Los Angeles","San Francisco,New Mexico",115,?,?,371353001,200000000,?,?,49,6.5,"347,145"
Q209538,Iron Man III,adventure,?,"superhero film,comedy film,adventure film,science fiction film,action film",Brian Tyler,United States of America,?,"2013-04-25T00:00:00Z,2013-05-01T00:00:00Z,2013-04-26T00:00:00Z,2013-05-03T00:00:00Z,2013-04-24T00:00:00Z",Shane Black,"Don Heck,Warren Ellis,Stan Lee,Larry Lieber,Jack Kirby,Shane Black,Drew Pearce","Jacob Dewitt,Wesley Thompson,J.C. Robaina,Megan Henderson,Ilram Choi,Eric Oram,David Anthony Buglione,Sala Baker,Mark Ginther,Nick Brandon,Luciana Faulhaber,Colin Follenweider,Brycen Counts,Jan Broberg Felt,Brian Schaeffer,Cal Johnson,Mark Fichera,Pat Kiernan,George Kotsiopoulos,James Rackley,Phil Ortiz,Stan Lee,Fan Bingbing,Spencer Garrett,Tom Virtue,Adrian Gonzales,Bobby Tisdale,Noah Visconti,Rockey Dickey Jr.,Matthew Sterling Nye,Paul Bettany,Josh Elliott,Dan Brown,Martin Škrtel,Sarah Farooqui,Adam Lytle,Brian Simpson,Monique Ganderton,Rockey Dickey Jr.,Kim Dean,Kial Butler,Jade Quon,Paul Andrew O'Connor,Kendrick Cross,Dennis Keiffer,Roy McCrerey,Sarah Burkhardt,Linden Ashby,Kiante Elam,Yvonne Zima,Demetrios Hodges,Tom Clark,Philip J Silvera,Adam Pally,Drew Michael Hershner,Andrew Lander,Aja Frary,Gwendalyn Barker,Serdar Kalsin,Juan Bofill,Ty Simpkins,Bronte D'Esposito,William Morts,Joan Rivers,John Eddins,Andrew Lauer,Toochukwu T.C. Anyachonkeya,Cullen Moss,Johanna Yunda,Mark Aaron Wagner,Nate Bynum,Dane Farwell,Bill Maher,Aurelia Riley,Corey Hawkins,Mark Kubr,Steve Wilder,Glenn Foster,Wang Xueqi,Jacob Dewitt,Bridger Zadina,Chad Kurtz,Samuel Le,Fernando Chien,Mike Massa,Kevin Arnold,Jenna Ortega,Anthony Reynolds,Naomi Grace,Thomas Roberts,Tara Macken,Markos Rounthwaite,Brooke Jaye Taylor,Rebecca Mader,Kary Musa,Dale Dickey,Miguel Ferrer,Ben Kingsley,Gwyneth Paltrow,Stephanie Szostak,Jon Favreau,Don Cheadle,Rebecca Hall,William Sadler,Robert Downey Jr.,James Badge Dale,Mark Ruffalo,Guy Pearce,Shaun Toub,Ashley Hamilton",John Toll,Jeffrey Ford,?,Louise Frogley,Brian Tyler,Kevin Feige,"DMG Entertainment,Marvel Studios","FandangoNow,Netflix,Disney+,Paramount Pictures","Tennessee,Miami,Los Angeles,Miami metropolitan area,Switzerland","Florida,EUE/Screen Gems,Wilmington,North Carolina,Los Angeles,Beijing,Miami",130,"Saturn Award for the Best Actor,Saturn Award for Best Comic-to-Film Motion Picture,Saturn Award for Best Supporting Actor","MTV Movie Award for Best Hero,MTV Movie Award for Best Cameo,Academy Award for Best Visual Effects,Saturn Award for Best Performance by a Younger Actor,Saturn Award for Best Music",1214811252,?,?,?,62,7.1,"774,780"
Q221168,X-Men: The Last Stand,?,?,"science fiction film,superhero film,action film,fantasy film",?,"United States of America,United Kingdom,Canada",?,"2006-05-25T00:00:00Z,2006-05-26T00:00:00Z,2006-05-22T00:00:00Z",Brett Ratner,"Zak Penn,Simon Kinberg","Shabana Azmi,Alan Cumming,Omahyra Mota,Stan Lee,Daniel Cudmore,Cameron Bright,Patrick Stewart,Anna Paquin,Eric Dane,Hugh Jackman,Shohreh Aghdashloo,Olivia Williams,Vinnie Jones,Rebecca Romijn,Kelsey Grammer,Meiling Melançon,Dania Ramirez,James Marsden,Famke Janssen,Bill Duke,Josef Sommer,Elliot Page,Michael Murphy,Ben Foster,Ken Leung,Ian McKellen,Halle Berry,Aaron Stanford,Shawn Ashmore",Dante Spinotti,Mark Goldblatt,?,Judianna Makovsky,John Powell,"Ralph Winter,Lauren Shuler Donner,Avi Arad","20th Century Studios,RatPac-Dune Entertainment,Ingenious Media","InterCom,FandangoNow,Netflix,Disney+,20th Century Studios","Alberta,New York,San Francisco,Washington, D.C.","Vancouver,San Francisco,British Columbia,Toronto",104,?,?,459400000,?,?,?,58,6.7,"488,705"
Q223559,Robin Hood,Robin Hood,?,"adventure film,drama,action film,swashbuckler film",?,"United Kingdom,United States of America",?,"2010-05-14T00:00:00Z,2010-05-12T00:00:00Z,2010-05-13T00:00:00Z,2010-05-12T00:00:00Z",Ridley Scott,Brian Helgeland,"Ruby Bentall,Denis Ménochet,Samuel Dupuy,Gerard McSorley,Giannina Facio,Mark Lewis Jones,Ned Dennehy,Nicolas Simon,Ralph Ineson,John Nicholas,Douglas Hodge,Jonathan Zaccaï,Arthur Darvill,Jessica Raine,Steve Evets,Luke Evans,Velibor Topic,Abraham Belaga,Thomas Arnold,Danny Huston,Russell Crowe,William Hurt,Mark Addy,Cate Blanchett,Max von Sydow,Mark Strong,Matthew Macfadyen,Kevin Durand,Alan Doyle,Oscar Isaac,Léa Seydoux,Simon McBurney,Eileen Atkins,Robert Pugh,Scott Grimes",John Mathieson,Pietro Scalia,Arthur Max,Janty Yates,Marc Streitenfeld,"Ridley Scott,Brian Grazer,Russell Crowe","Relativity Media,Universal Pictures,Imagine Entertainment,Scott Free Productions","UIP-Dunafilm,Universal Pictures,Netflix,FandangoNow",London,?,140,?,?,321669741,200000000,?,?,53,6.6,"255,901"
Q229808,The Amazing Spider-Man,terrorism,?,"thriller film,superhero film,teen film,science fiction film,action film",?,United States of America,?,"2012-07-12T00:00:00Z,2012-07-04T00:00:00Z,2012-06-28T00:00:00Z,2012-07-03T00:00:00Z,2014-05-01T00:00:00Z,2012-07-03T00:00:00Z",Marc Webb,"Stan Lee,Steve Ditko,Steve Kloves,Alvin Sargent,James Vanderbilt","Tia Texada,Jennifer Lyons,Jill Flint,Skyler Gisondo,Charlie DePew,Barbara Eve Harris,Amber Stevens,Kari Coleman,Kelsey Asbille,Michael Papajohn,Chris Zylka,Embeth Davidtz,Denis Leary,Sally Field,Irrfan Khan,Rhys Ifans,Andrew Garfield,Stan Lee,Emma Stone,Campbell Scott,C. Thomas Howell,Martin Sheen,Michael Massee,Annie Parisse",John Schwartzman,"Michael McCusker,Pietro Scalia",?,?,James Horner,"Stan Lee,Laura Ziskin,Avi Arad","Marvel Entertainment,Columbia Pictures","FandangoNow,Columbia Pictures,InterCom,Netflix",Drochia,"Los Angeles,New York City",136,?,?,757930663,230000000,?,?,66,6.9,"568,681"
Q27513,Jack the Giant Slayer,?,?,"monster film,fantasy film",John Ottman,United States of America,?,"2013-03-14T00:00:00Z,2013-03-28T00:00:00Z,2013-01-01T00:00:00Z",Bryan Singer,Christopher McQuarrie,"John Kassir,Ralph Brown,Peter Elliott,Christopher Fairbank,Aaron Jackson,Steven Williams,Angus Barnett,Philip Philmar,Isabelle Fuhrman,Ben Daniels,Stanley Tucci,Nicholas Hoult,Eddie Marsan,Ian McShane,Ewen Bremner,Warwick Davis,Eleanor Tomlinson,Bill Nighy,Ewan McGregor",Newton Thomas Sigel,Bob Ducsay,Gavin Bocquet,Joanna Johnston,John Ottman,"John Ottman,Neal H. Moritz,David Dobkin","Original Film,Big Kid Pictures,Legendary Pictures,Bad Hat Harry Productions,Washington,New Line Cinema","Warner Bros.,Netflix,FandangoNow,InterCom",London,?,114,?,?,?,?,?,?,51,6.2,"133,163"
Q28196,World War Z,epidemic,?,"action thriller,techno-thriller,science fiction action film,drama,apocalyptic film,film based on a novel,thriller film,zombie film,post-apocalyptic film",Marco Beltrami,"United States of America,United Kingdom",?,"2013-06-21T00:00:00Z,2013-06-02T00:00:00Z,2013-07-03T00:00:00Z,2013-06-27T00:00:00Z",Marc Forster,"Max Brooks,Matthew Michael Carnahan,J. Michael Straczynski,Damon Lindelof,Drew Goddard","Fana Mokoena,David Andrews,Nikola Đuričko,Peter Capaldi,Pierfrancesco Favino,Moritz Bleibtreu,Féodor Atkine,Iván Kamarás,Ludi Boeken,Michiel Huisman,Grégory Fitoussi,Lucy Russell,Ruth Negga,Elyes Gabel,Mireille Enos,David Morse,Eric West,Brad Pitt,Matthew Fox,James Badge Dale,Daniella Kertesz","Ben Seresin,Robert Richardson","Matt Chesse,Roger Barton",Nigel Phelps,Mayes C. Rubeo,Marco Beltrami,"Jeremy Kleiner,Dede Gardner,Brad Pitt,Ian Bryce","Skydance Media,Paramount Pictures,GK Films,Plan B Entertainment","UIP-Dunafilm,Netflix,Paramount Pictures,FandangoNow","Freeport,Camp Humphreys,New Jersey,Jerusalem,Atlantic Ocean,New York City,Philadelphia,Wales,Newark","Falmouth,Discovery Park,Blaenau Ffestiniog,Aldershot,Glasgow,Lulworth Cove,RAF Upper Heyford,London,Malta,Hanningfield Water Treatment Works,Heygate Estate",116,?,?,540007876,190000000,?,?,63,7.0,"611,015"
Q3223824,The Lone Ranger,?,?,Western film,?,United States of America,?,1956-01-01T00:00:00Z,Stuart Heisler,"George W. Trendle,Herb Meadow","Lane Chandler,Lyle Bettger,Charles Meredith,Michael Ansara,John Pickard,Frank de Kova,Robert J. Wilke,Perry Lopez,Bonita Granville,Clayton Moore,Jay Silverheels,Beverly Washburn",?,?,?,?,David Buttolph,Jack Wrather,?,"FandangoNow,Warner Bros.",?,?,86,?,?,?,?,?,?,N/A,6.7,946
Q327713,Men in Black 3,time travel,?,"action film,comedy film,science fiction film",Danny Elfman,United States of America,?,"2012-05-25T00:00:00Z,2012-05-24T00:00:00Z,2012-05-23T00:00:00Z",Barry Sonnenfeld,Etan Cohen,"Tim Burton,Michael Chernus,Charlie Barnett,Barry Sonnenfeld,Lady Gaga,Kevin Covais,Bill Hader,Will Arnett,Jemaine Clement,Josh Brolin,Emma Thompson,Alice Eve,Will Smith,Mike Colter,David Rasche,Tommy Lee Jones,Michael Stuhlbarg,Nicole Scherzinger,Lanny Flaherty,Keone Young",Bill Pope,Don Zimmerman,?,Mary E. Vogt,Danny Elfman,"Walter F. Parkes,Laurie MacDonald",Amblin Entertainment,"Columbia Pictures,FandangoNow,InterCom,Netflix","Florida,New York City","Long Island,Los Angeles,New York City",106,?,?,624026776,?,?,?,58,6.8,"340,715"
Q328695,Superman Returns,revenge,Superman IV: The Quest for Peace,"action film,science fiction film",?,United States of America,?,"2006-08-17T00:00:00Z,2006-06-21T00:00:00Z,2006-06-28T00:00:00Z,2006-07-28T00:00:00Z",Bryan Singer,"Dan Harris,Michael Dougherty","Tristan Lake Leabu,Ian Roberts,Michael Dougherty,Stephan Bender,Bill Young,James Karen,Noel Neill,Dan Harris,Raelee Hill,Peta Wilson,Brandon Routh,Kevin Spacey,Sam Huntington,Kate Bosworth,Eva Marie Saint,Kal Penn,Marlon Brando,Parker Posey,James Marsden,Ian Roberts,Frank Langella",Newton Thomas Sigel,Elliot Graham,Guy Hendrix Dyas,Louise Mingenbach,John Ottman,"Jon Peters,Bryan Singer,Gilbert Adler","Legendary Pictures,Warner Bros.,DC Comics","InterCom,FandangoNow,Netflix",?,"The Battery,Sydney,Sydney Central Business District,Elizabeth Street,Narrabeen Beach,York Street,Central Park,Darlinghurst,Los Angeles,New York City,Sydney Boys High School,Tamworth,Art Gallery of New South Wales",148,?,Academy Award for Best Visual Effects,391081192,270000000,?,?,72,6.0,"273,602"
Q3512046,Jurassic World,dinosaur,?,"action film,science fiction film,adventure film",?,United States of America,?,"2015-06-11T00:00:00Z,2015-06-10T00:00:00Z,2015-06-12T00:00:00Z,2015-05-29T00:00:00Z",Colin Trevorrow,"Amanda Silver,Rick Jaffa,Colin Trevorrow,Derek Connolly","Lauren Lapkus,Omar Sy,Katie McGrath,Brian Tee,Eric Edelstein,Ty Simpkins,Nick Robinson,Michael Papajohn,Bryce Dallas Howard,Colin Trevorrow,Judy Greer,Jimmy Buffett,Jake Johnson,Gary Weeks,Vincent D'Onofrio,Brad Bird,Colby Boothman,James DuMont,Jimmy Fallon,Slim Khezri,BD Wong,Alan Purwin,Irrfan Khan,Johnny Otto,Chris Pratt,Andy Buckley",John Schwartzman,Kevin Stitt,?,?,Michael Giacchino,"Frank Marshall,Steven Spielberg,Thomas Tull","Amblin Entertainment,Universal Pictures,Legendary Pictures","Universal Pictures,UIP-Dunafilm,FandangoNow","Isla Nublar,Wisconsin","Louis Armstrong New Orleans International Airport,Six Flags New Orleans,Kauai,Honolulu Zoo",124,?,?,"652270625,1670400637",150000000,?,?,59,7.0,"590,037"
Q4055418,Avatar,telepresence,?,"science fiction film,action film",?,Singapore,?,2004-01-01T00:00:00Z,?,?,"William Sanderson,Genevieve O'Reilly,Joan Chen,David Warner",?,?,?,?,Jonathan Price,?,?,?,?,?,?,?,?,?,?,?,?,N/A,4.5,604
Q4254026,The Amazing Spider-Man 2,?,?,"teen film,action film,superhero film,science fiction film,thriller film",?,United States of America,?,"2014-04-18T00:00:00Z,2014-05-02T00:00:00Z,2014-04-17T00:00:00Z,2014-05-01T00:00:00Z,2014-04-30T00:00:00Z",Marc Webb,"Roberto Orci,Alex Kurtzman,Jeff Pinkner","Shailene Woodley,James Colby,Marton Csokas,Sarah Gadon,Embeth Davidtz,Chris Zylka,Lucas Till,Campbell Scott,Stan Lee,J.D. Walsh,Denis Leary,Sally Field,Andrew Garfield,Paul Giamatti,B. J. Novak,Emma Stone,Felicity Jones,Colm Feore,Jamie Foxx,Martin Sheen,Dane DeHaan,Chris Cooper",Daniel Mindel,Pietro Scalia,?,?,"Hans Zimmer,Junkie XL",Avi Arad,"Columbia Pictures,Marvel Entertainment","Netflix,FandangoNow,InterCom,Sony Pictures",New York City,"New York City,Long Island",142,?,?,708982323,?,?,?,53,6.6,"425,212"
Q44578,Titanic,"disaster,intercultural relationship,distinction,RMS Titanic",?,"romance film,drama,flashback film,melodrama,disaster film",James Horner,United States of America,?,"1998-01-08T00:00:00Z,1998-01-16T00:00:00Z,1997-12-19T00:00:00Z,1998-01-07T00:00:00Z,1998-01-16T00:00:00Z,1997-11-01T00:00:00Z",James Cameron,James Cameron,"Seth Adkins,Charlotte Chatton,Barry Dennen,Simon Crane,Martin Hub,Jenette Goldstein,Greg Ellis,Tricia O'Neil,Eric Braeden,Martin Laing,Anne Fletcher,Richard Graham,Lewis Abernathy,James Cameron,David Warner,Suzy Amis Cameron,Ewan Stewart,Jason Barry,Mark Lindsay Chapman,Billy Zane,Frances Fisher,Jonathan Hyde,Bill Paxton,Kathy Bates,Leonardo DiCaprio,Rosalind Ayres,Edward Fletcher,Bernard Fox,Jonathan Phillips,Ioan Gruffudd,Victor Garber,Danny Nucci,Kate Winslet,Gloria Stuart,Bernard Hill",Russell Carpenter,"Richard A. Harris,Conrad Buff IV,James Cameron",Peter Lamont,Deborah Lynn Scott,James Horner,"Jon Landau,James Cameron","Paramount Pictures,20th Century Studios,Lightstorm Entertainment,British Film Institute","Netflix,InterCom","New York City,Atlantic Ocean,Southampton","Vancouver,Polsa Rosa Movie Ranch,San Francisco,Long Beach,Mexico,Nova Scotia",194,"Academy Award for Best Sound,Screen Actors Guild Award for Outstanding Performance by a Female Actor in a Supporting Role,Golden Globe Award for Best Original Score,Chicago Film Critics Association Award for Best Cinematography,National Board of Review: Top Ten Films,MTV Movie Award for Best Male Performance,Amanda Award for Best Foreign Feature Film,Academy Award for Best Original Dramatic Score,Producers Guild of America Award for Best Theatrical Motion Picture,Academy Award for Best Original Song,European Film Award – Jameson People's Choice Award – Best Actress,National Film Registry,Academy Award for Best Costume Design,Satellite Award for Best Film,Academy Award for Best Film Editing,Academy Award for Best Director,Academy Award for Best Picture,Saturn Award for Best Supporting Actress,Las Vegas Film Critics Society Award for Best Song,Screen Actors Guild Award for Outstanding Performance by a Female Actor in a Supporting Role,Academy Award for Best Production Design,Japan Academy Prize for Outstanding Foreign Language Film,Art Directors Guild Award for Excellence in Production Design for a Feature Film,Academy Award for Best Visual Effects,Academy Award for Best Sound Editing,Academy Award for Best Cinematography,Golden Globe Award for Best Original Song,Golden Globe Award for Best Motion Picture – Drama,Golden Globe Award for Best Director,Directors Guild of America Award for Outstanding Directing – Feature Film","London Film Critics Circle Award for British Actress of the Year,MTV Movie Award for Best Villain,Academy Award for Best Production Design,Empire Award for Best Actress,Academy Award for Best Makeup and Hairstyling,Academy Award for Best Sound,Academy Award for Best Original Song,Academy Award for Best Actress,César Award for Best Foreign Film,Academy Award for Best Original Dramatic Score,Academy Award for Best Cinematography,Academy Award for Best Supporting Actress,European Film Academy Achievement in World Cinema Award,Academy Award for Best Costume Design,Academy Award for Best Visual Effects,Academy Award for Best Sound Editing,Academy Award for Best Director,Academy Award for Best Picture,Academy Award for Best Film Editing,Saturn Award for Best Classic Film DVD Release","659363944,1850197130",200000000,?,?,75,7.8,"1,067,012"
Q4941,Skyfall,"revenge,computing,terrorism",?,"action film,action thriller,spy film",?,"United States of America,United Kingdom",?,"2012-10-26T00:00:00Z,2012-10-25T00:00:00Z,2012-11-01T00:00:00Z,2012-10-23T00:00:00Z",Sam Mendes,"Robert Wade,John Logan,Neal Purvis and Robert Wade","Nicholas Woodeson,Daniel Adegboyega,Michael Pink,Michael G. Wilson,Elize du Toit,Tonia Sotiropoulou,Jens Hultén,Ian Bonar,Tom Wu,Naomie Harris,Ben Whishaw,Javier Bardem,Helen McCrory,Albert Finney,Judi Dench,Rory Kinnear,Ralph Fiennes,Bérénice Marlohe,Daniel Craig,Ola Rapace",Roger Deakins,Stuart Baird,Dennis Gassner,?,Thomas Newman,"Barbara Broccoli,Michael G. Wilson","Eon Productions,Metro-Goldwyn-Mayer,Columbia Pictures,United Artists Corporation","Fórum Hungary,Netflix,FandangoNow","Macau,Scotland,London,Shanghai,Istanbul","The Old Vic Tunnels,Pinewood Studios,Glencoe,Hashima Island,Charing Cross tube station,Turkey,St Bartholomew's Hospital,Shanghai,Old Royal Naval College,National Gallery,Ascot Racecourse,Hankley Common,Istanbul,London,Japan,Cadogan Square",143,Academy Award for Best Sound Editing,"Academy Award for Best Cinematography,Academy Award for Best Sound,Academy Award for Best Sound Editing,Academy Award for Best Original Score","1108561013,102873568",?,Museum of Modern Art,?,81,7.7,"637,755"
Q4985891,X-Men: Days of Future Past,superhero,?,"science fiction film,thriller film,dystopian film,fictional crossover,action film,superhero film",John Ottman,United States of America,?,"2014-05-23T00:00:00Z,2014-05-22T00:00:00Z,2014-05-21T00:00:00Z",Bryan Singer,"Simon Kinberg,Matthew Vaughn,Jane Goldman","Famke Janssen,Kelsey Grammer,Harry Standjofski,Josh Helman,Morgan Lily,Bryan Singer,Chris Claremont,Evan Jonigkeit,James Marsden,Mark Camacho,Lucas Till,Karine Vanasse,Lance Kinsey,Michael Lerner,Stephan Parent,Neil Napier,Zabryna Guevara,Brian Cox,Evan Peters,Mike Dopud,James McAvoy,Hugh Jackman,Nicholas Hoult,Shawn Ashmore,Patrick Stewart,Elliot Page,Daniel Cudmore,Michael Fassbender,Jennifer Lawrence,Halle Berry,Anna Paquin,Omar Sy,Fan Bingbing,Peter Dinklage,Adán Canto,Ian McKellen,Booboo Stewart",Newton Thomas Sigel,John Ottman,John Myhre,?,John Ottman,"Lauren Shuler Donner,Simon Kinberg,Matthew Vaughn","20th Century Studios,Bad Hat Harry Productions,Marv Films,Ingenious Media,Marvel Entertainment,RatPac-Dune Entertainment","Netflix,20th Century Studios,InterCom,Disney+,FandangoNow","Washington, D.C.,Paris,China,New York City,New York,Moscow",Montreal,131,?,Academy Award for Best Visual Effects,746045700,?,?,?,75,7.9,"669,784"
Q6151665,Transformers 4,?,Transformers: Dark of the Moon,"science fiction film,action film",?,United States of America,?,"2014-06-26T00:00:00Z,2014-06-27T00:00:00Z,2014-07-17T00:00:00Z,2014-06-19T00:00:00Z,2014-07-10T00:00:00Z,2014-07-16T00:00:00Z",Michael Bay,Ehren Kruger,"Ken Watanabe,Michael Bay,John Goodman,Frank Welker,Peter Cullen,John DiMaggio,Robert Foxworth,Charles Parnell,Cleo King,Li Bingbing,Sophia Myles,Jack Reynor,Nicola Peltz,Mark Wahlberg,Kelsey Grammer,Han Geng,Titus Welliver,Stanley Tucci,T.J. Miller",Amir Mokri,William Goldenberg,?,?,Steve Jablonsky,"Ian Bryce,Don Murphy,Lorenzo di Bonaventura,Tom DeSanto","Paramount Pictures,Hasbro","FandangoNow,Netflix,Paramount Pictures,UIP-Dunafilm","Hong Kong,Texas,Chicago","Beijing,Los Angeles,Utah,Hong Kong,Detroit,Chicago",165,?,?,1104054072,?,?,?,32,5.6,"300,473"
Q622769,Man of Steel,"Christianity,journalist,alien invasion",?,"science fiction film,action film,thriller film,superhero film",Hans Zimmer,"United States of America,United Kingdom",?,"2013-06-14T00:00:00Z,2013-06-19T00:00:00Z,2013-06-20T00:00:00Z,2013-06-10T00:00:00Z,2013-06-14T00:00:00Z,2013-06-26T00:00:00Z",Zack Snyder,"Christopher Nolan,David S. Goyer","Robert Moloney,Mike Dopud,Carla Gugino,Alessandro Juliani,Michael Cerveris,Julian Richings,Joe Minoso,Dylan Sprayberry,Tahmoh Penikett,Michael Kelly,Russell Crowe,Amy Adams,Christopher Meloni,Kevin Costner,Henry Cavill,Ayelet Zurer,Michael Shannon,Diane Lane,Laurence Fishburne,Harry Lennix,Richard Schiff,Antje Traue",Amir Mokri,David Brenner,?,James Acheson,Hans Zimmer,"Deborah Snyder,Emma Thomas,Christopher Nolan,Charles Roven","The Stone Quarry,Legendary Pictures,Syncopy Inc.,DC Entertainment,Moving Picture Company,Warner Bros.","Warner Bros.,InterCom,FandangoNow,Netflix","Indian Ocean,Krypton,Kansas,Metropolis,Ellesmere Island,Smallville","Chicago,Vancouver,California",143,MTV Movie Award for Best Hero,?,668045518,?,?,?,55,7.0,"715,816"
Q637021,The Golden Compass,?,?,"action film,fantasy film,science fiction film,film based on a novel",Alexandre Desplat,"United States of America,United Kingdom",?,"2007-12-06T00:00:00Z,2007-11-27T00:00:00Z",Chris Weitz,Chris Weitz,"Nicole Kidman,Daniel Craig,Simon McBurney,Christopher Lee,Dakota Blue Richards,Tom Courtenay,Sam Elliott,Eva Green",Henry Braham,Anne V. Coates,?,Ruth Myers,Alexandre Desplat,Deborah Forte,"New Line Cinema,depth of field,Ingenious Media,Rhythm and Hues Studios,Scholastic Corporation","InterCom,Netflix,FandangoNow",London,"Toronto,Budapest,Bergen,Switzerland,Canton of Bern",109,Academy Award for Best Visual Effects,"Academy Award for Best Visual Effects,Academy Award for Best Production Design",372234864,180000000,Museum of Modern Art,?,51,6.1,"180,926"
Q719915,The Hobbit: The Desolation of Smaug,?,?,"film based on literature,fantasy film,action film,treasure hunt film,adventure film,high fantasy",Howard Shore,"United States of America,New Zealand",?,"2013-12-12T00:00:00Z,2013-12-10T00:00:00Z,2013-12-11T00:00:00Z,2013-12-02T00:00:00Z,2013-12-12T00:00:00Z,2013-12-13T00:00:00Z",Peter Jackson,"Peter Jackson,Fran Walsh,Philippa Boyens,Guillermo del Toro","Ryan Gage,Dean O'Gorman,Cate Blanchett,Evangeline Lilly,Mikael Persbrandt,Stephen Fry,Aidan Turner,Stephen Colbert,Graham McTavish,Peter Jackson,James Nesbitt,Lee Grinner Pace,John Callen,Luke Evans,Richard Armitage,Martin Freeman,Stephen Hunter,Ken Stott,Manu Bennett,Sylvester McCoy,Mark Hadlow,Jed Brophy,Ian McKellen,Michael Mizrahi,Billy Connolly,Jabez Olssen,Adam Brown,Lawrence Makoare,Orlando Bloom,Peter Hambleton,William Kircher,Benedict Cumberbatch,Terry Notary",Andrew Lesnie,Jabez Olssen,Dan Hennah,"Ann Maskrey,Richard Taylor",Howard Shore,"Fran Walsh,Peter Jackson,Carolynne Cunningham","New Line Cinema,Metro-Goldwyn-Mayer,WingNut Films","Netflix,FandangoNow,Fórum Hungary,Warner Bros.",Middle-earth,New Zealand,161,MTV Movie Award for Best Fight,"Academy Award for Best Sound,Academy Award for Best Visual Effects,Academy Award for Best Sound Editing",958366855,225000000,Museum of Modern Art,?,66,7.8,"611,276"
Q7575235,Spectres,?,?,"science fiction film,drama,mystery film",?,United States of America,?,2004-01-01T00:00:00Z,Phil Leirness,?,"Marina Sirtis,Tucker Smallwood,Dean Haglund",?,?,?,?,?,?,?,LMN,?,?,?,?,?,?,?,?,?,N/A,4.8,227
Q892735,The Great Gatsby,?,?,"film based on a novel,drama,romance film",various artists,"Australia,United States of America",?,"2013-05-17T00:00:00Z,2013-05-16T00:00:00Z,2013-05-01T00:00:00Z",Baz Luhrmann,"Craig Pearce,Baz Luhrmann","Daniel Newman,Heather Mitchell,Gemma Ward,Barry Otto,Jacek Koman,Callan McAuliffe,Jason Clarke,Joel Edgerton,Tobey Maguire,Elizabeth Debicki,Isla Fisher,Callan McAuliffe,Amitabh Bachchan,Carey Mulligan,Leonardo DiCaprio,Adelaide Clemens,Jack Thompson",Simon Duggan,Jason Ballantine,Catherine Martin,Catherine Martin,Craig Armstrong,"Catherine Martin,Baz Luhrmann,Douglas Wick","Bazmark,Village Roadshow Pictures,A&E","InterCom,Netflix,FandangoNow",New York City,Sydney,142,"Academy Award for Best Costume Design,Academy Award for Best Production Design","Academy Award for Best Production Design,Academy Award for Best Costume Design",353641895,?,Museum of Modern Art,?,55,7.2,"492,067"
Q903885,Green Lantern,"terrorism,Green Lantern Corps",?,"action film,superhero film,science fiction film,fantasy film",James Newton Howard,United States of America,?,"2011-07-28T00:00:00Z,2011-06-14T00:00:00Z,2011-06-17T00:00:00Z",Martin Campbell,"Marc Guggenheim,Bill Finger,Martin Nodell,Michael Goldenberg,Greg Berlanti,Michael Green","Mike Doyle,Salome Jens,Q1546566,Douglas M. Griffin,James Raideen,Laura Cayouette,Clancy Brown,Jon Tenney,Gattlin Griffith,Taika Waititi,Peter Sarsgaard,Mark Strong,Angela Bassett,Michael Clarke Duncan,Ryan Reynolds,Mike Doyle,Tim Robbins,Blake Lively,Jay O. Sanders,Geoffrey Rush,Temuera Morrison",Dion Beebe,Stuart Baird,Grant Major,Ngila Dickson,James Newton Howard,"Greg Berlanti,Donald De Line","Donald De Line,DC Comics","FandangoNow,Netflix,Warner Bros.",California,"New Orleans,San Diego",114,?,?,540785210,200000000,?,?,39,5.5,"270,147"
Q919649,The Hobbit: The Battle of the Five Armies,?,The Hobbit: The Desolation of Smaug,"fantasy film,adventure film,film based on literature,action film",Howard Shore,"New Zealand,United States of America",?,"2014-12-17T00:00:00Z,2014-12-11T00:00:00Z,2014-12-18T00:00:00Z,2014-12-10T00:00:00Z,2014-12-01T00:00:00Z",Peter Jackson,"Peter Jackson,Fran Walsh,Philippa Boyens,Guillermo del Toro","Christopher Lee,Martin Freeman,Stephen Hunter,Lawrence Makoare,Luke Evans,Graham McTavish,Dean O'Gorman,Evangeline Lilly,Aidan Turner,James Nesbitt,Adam Brown,Ian Holm,Ken Stott,John Callen,Ian McKellen,William Kircher,Billy Connolly,Cate Blanchett,Ryan Gage,Hugo Weaving,Richard Armitage,Orlando Bloom,Benedict Cumberbatch,Mikael Persbrandt,Peter Hambleton,Sylvester McCoy,Lee Grinner Pace,Stephen Fry,Debra Wilson,Jed Brophy,Chris Reilly,Manu Bennett,Mark Hadlow,Bret McKenzie",Andrew Lesnie,Jabez Olssen,Dan Hennah,Richard Taylor,Howard Shore,"Fran Walsh,Mark Ordesky,Carolynne Cunningham,Peter Jackson","New Line Cinema,Metro-Goldwyn-Mayer,WingNut Films","FandangoNow,Warner Bros.,Netflix,Fórum Hungary",Middle-earth,New Zealand,144,?,Academy Award for Best Sound Editing,956019788,250000000,?,?,59,7.4,"485,059"
